категория,позиция,цена_сум,вес_г,что_на_фото,точки,статус
Макаронсы,Макаронс манго-маракуйя,30000,50,"на фото 5–6 шт., цена за 1 шт.? уточнить",,
Макаронсы,Макаронс фисташковый с малиной,30000,50,"на фото 5–6 шт., уточнить",,
Макаронсы,Макаронс дубайский,35000,50,"на фото похож на кейк-попс, уточнить",,
Макаронсы,Макаронс сникерс,30000,50,"на фото 5–6 шт., уточнить",,
Макаронсы,Макаронс с вишней,30000,50,"на фото 4 шт., уточнить",,
Макаронсы,Макаронс баунти (на сайте «Макароны баунти»),30000,50,"на фото 5–6 шт., уточнить",,
Роллы (Нью-Йорк роллы),ЗАПОЛНИТЬ,ЗАПОЛНИТЬ,ЗАПОЛНИТЬ,,ЗАПОЛНИТЬ,
Роллы (Нью-Йорк роллы),ЗАПОЛНИТЬ,ЗАПОЛНИТЬ,ЗАПОЛНИТЬ,,ЗАПОЛНИТЬ,
Роллы (Нью-Йорк роллы),ЗАПОЛНИТЬ,ЗАПОЛНИТЬ,ЗАПОЛНИТЬ,,ЗАПОЛНИТЬ,
Круассаны,ЗАПОЛНИТЬ,ЗАПОЛНИТЬ,ЗАПОЛНИТЬ,,ЗАПОЛНИТЬ,
Круассаны,ЗАПОЛНИТЬ,ЗАПОЛНИТЬ,ЗАПОЛНИТЬ,,ЗАПОЛНИТЬ,
Круассаны,ЗАПОЛНИТЬ,ЗАПОЛНИТЬ,ЗАПОЛНИТЬ,,ЗАПОЛНИТЬ,
Десерты,ЗАПОЛНИТЬ,ЗАПОЛНИТЬ,ЗАПОЛНИТЬ,,ЗАПОЛНИТЬ,
Десерты,ЗАПОЛНИТЬ,ЗАПОЛНИТЬ,ЗАПОЛНИТЬ,,ЗАПОЛНИТЬ,
Десерты,ЗАПОЛНИТЬ,ЗАПОЛНИТЬ,ЗАПОЛНИТЬ,,ЗАПОЛНИТЬ,
Мороженое,ЗАПОЛНИТЬ,ЗАПОЛНИТЬ,ЗАПОЛНИТЬ,,ЗАПОЛНИТЬ,
Мороженое,ЗАПОЛНИТЬ,ЗАПОЛНИТЬ,ЗАПОЛНИТЬ,,ЗАПОЛНИТЬ,
Мороженое,ЗАПОЛНИТЬ,ЗАПОЛНИТЬ,ЗАПОЛНИТЬ,,ЗАПОЛНИТЬ,
Горячие напитки,ЗАПОЛНИТЬ,ЗАПОЛНИТЬ,ЗАПОЛНИТЬ,,ЗАПОЛНИТЬ,
Горячие напитки,ЗАПОЛНИТЬ,ЗАПОЛНИТЬ,ЗАПОЛНИТЬ,,ЗАПОЛНИТЬ,
Горячие напитки,ЗАПОЛНИТЬ,ЗАПОЛНИТЬ,ЗАПОЛНИТЬ,,ЗАПОЛНИТЬ,
Холодные напитки,ЗАПОЛНИТЬ,ЗАПОЛНИТЬ,ЗАПОЛНИТЬ,,ЗАПОЛНИТЬ,
Холодные напитки,ЗАПОЛНИТЬ,ЗАПОЛНИТЬ,ЗАПОЛНИТЬ,,ЗАПОЛНИТЬ,
Холодные напитки,ЗАПОЛНИТЬ,ЗАПОЛНИТЬ,ЗАПОЛНИТЬ,,ЗАПОЛНИТЬ,
Хот-доги,ЗАПОЛНИТЬ,ЗАПОЛНИТЬ,ЗАПОЛНИТЬ,,ЗАПОЛНИТЬ,
Хот-доги,ЗАПОЛНИТЬ,ЗАПОЛНИТЬ,ЗАПОЛНИТЬ,,ЗАПОЛНИТЬ,
Хот-доги,ЗАПОЛНИТЬ,ЗАПОЛНИТЬ,ЗАПОЛНИТЬ,,ЗАПОЛНИТЬ,
