дата,ссылка,что_в_кадре,рубрика,язык,человек_в_кадре,продукт,длина_сек,крючок_на_экране,просмотры,охват_неподписчиков_%,сохранения,репосты,переходы_в_профиль,итог
,,Рожок-круассан с мороженым у неона (закреп),Хит-продукт,—,рука,Круассан-рожок,,,,,,,,
,,Гаишник пробует напиток (закреп),Люди / улица,узб.,да,Напиток,,,,,,,,
,,Разлом круассана в перчатках (закреп),Хит-продукт,—,руки,Круассан,,,,,,,,
,,Завтрак «Ular buni ko'rishadi»,Хит-продукт,узб.,нет,Завтрак,,Ular buni ko'rishadi,,,,,,
,,Команда танцует ночью у Seoul Mun,Люди / места,—,да,—,,,,,,,,
,,Повара у стойки,Люди / скетч,,да,,,,,,,,,
,,"Торт, десерты, выпечка на подносах",Хит-продукт,,нет,Десерты,,,,,,,,
,,Девушка в перчатках у витрины De'Laska,Кухня / люди,,да,,,,,,,,,
,,«5 daqiqa qolganda»: закрытие,Скетч,узб.,да,—,,5 daqiqa qolganda,,,,,,
,,Девушка в форме говорит в камеру,Люди,,да,,,,,,,,,
,,Девушка пьёт кофе ночью,Места,,да,Кофе,,,,,,,,
,,Разлом слоёной выпечки,Хит-продукт,—,руки,Выпечка,,,,,,,,
